requirement_id,domain_code,scoring_category,deduction_points,partial_credit_allowed,partial_deduction_points,full_deduction_points,partial_credit_condition,full_deduction_condition,scoring_source,scoring_source_version
AC.L2-3.1.1,AC,FIVE_POINT,5,No,0,5,,Requirement is assessed NOT MET.,32 CFR 170.24(c)(2),Current eCFR
AC.L2-3.1.2,AC,FIVE_POINT,5,No,0,5,,Requirement is assessed NOT MET.,32 CFR 170.24(c)(2),Current eCFR
AC.L2-3.1.3,AC,ONE_POINT,1,No,0,1,,Requirement is assessed NOT MET.,32 CFR 170.24(c)(2),Current eCFR
AC.L2-3.1.4,AC,ONE_POINT,1,No,0,1,,Requirement is assessed NOT MET.,32 CFR 170.24(c)(2),Current eCFR
AC.L2-3.1.5,AC,THREE_POINT,3,No,0,3,,Requirement is assessed NOT MET.,32 CFR 170.24(c)(2),Current eCFR
AC.L2-3.1.6,AC,ONE_POINT,1,No,0,1,,Requirement is assessed NOT MET.,32 CFR 170.24(c)(2),Current eCFR
AC.L2-3.1.7,AC,ONE_POINT,1,No,0,1,,Requirement is assessed NOT MET.,32 CFR 170.24(c)(2),Current eCFR
AC.L2-3.1.8,AC,ONE_POINT,1,No,0,1,,Requirement is assessed NOT MET.,32 CFR 170.24(c)(2),Current eCFR
AC.L2-3.1.9,AC,ONE_POINT,1,No,0,1,,Requirement is assessed NOT MET.,32 CFR 170.24(c)(2),Current eCFR
AC.L2-3.1.10,AC,ONE_POINT,1,No,0,1,,Requirement is assessed NOT MET.,32 CFR 170.24(c)(2),Current eCFR
AC.L2-3.1.11,AC,ONE_POINT,1,No,0,1,,Requirement is assessed NOT MET.,32 CFR 170.24(c)(2),Current eCFR
AC.L2-3.1.12,AC,FIVE_POINT,5,No,0,5,,Requirement is assessed NOT MET.,32 CFR 170.24(c)(2),Current eCFR
AC.L2-3.1.13,AC,FIVE_POINT,5,No,0,5,,Requirement is assessed NOT MET.,32 CFR 170.24(c)(2),Current eCFR
AC.L2-3.1.14,AC,ONE_POINT,1,No,0,1,,Requirement is assessed NOT MET.,32 CFR 170.24(c)(2),Current eCFR
AC.L2-3.1.15,AC,ONE_POINT,1,No,0,1,,Requirement is assessed NOT MET.,32 CFR 170.24(c)(2),Current eCFR
AC.L2-3.1.16,AC,FIVE_POINT,5,No,0,5,,Requirement is assessed NOT MET.,32 CFR 170.24(c)(2),Current eCFR
AC.L2-3.1.17,AC,FIVE_POINT,5,No,0,5,,Requirement is assessed NOT MET.,32 CFR 170.24(c)(2),Current eCFR
AC.L2-3.1.18,AC,FIVE_POINT,5,No,0,5,,Requirement is assessed NOT MET.,32 CFR 170.24(c)(2),Current eCFR
AC.L2-3.1.19,AC,THREE_POINT,3,No,0,3,,Requirement is assessed NOT MET.,32 CFR 170.24(c)(2),Current eCFR
AC.L2-3.1.20,AC,ONE_POINT,1,No,0,1,,Requirement is assessed NOT MET.,32 CFR 170.24(c)(2),Current eCFR
AC.L2-3.1.21,AC,ONE_POINT,1,No,0,1,,Requirement is assessed NOT MET.,32 CFR 170.24(c)(2),Current eCFR
AC.L2-3.1.22,AC,ONE_POINT,1,No,0,1,,Requirement is assessed NOT MET.,32 CFR 170.24(c)(2),Current eCFR
AT.L2-3.2.1,AT,FIVE_POINT,5,No,0,5,,Requirement is assessed NOT MET.,32 CFR 170.24(c)(2),Current eCFR
AT.L2-3.2.2,AT,FIVE_POINT,5,No,0,5,,Requirement is assessed NOT MET.,32 CFR 170.24(c)(2),Current eCFR
AT.L2-3.2.3,AT,ONE_POINT,1,No,0,1,,Requirement is assessed NOT MET.,32 CFR 170.24(c)(2),Current eCFR
AU.L2-3.3.1,AU,FIVE_POINT,5,No,0,5,,Requirement is assessed NOT MET.,32 CFR 170.24(c)(2),Current eCFR
AU.L2-3.3.2,AU,THREE_POINT,3,No,0,3,,Requirement is assessed NOT MET.,32 CFR 170.24(c)(2),Current eCFR
AU.L2-3.3.3,AU,ONE_POINT,1,No,0,1,,Requirement is assessed NOT MET.,32 CFR 170.24(c)(2),Current eCFR
AU.L2-3.3.4,AU,ONE_POINT,1,No,0,1,,Requirement is assessed NOT MET.,32 CFR 170.24(c)(2),Current eCFR
AU.L2-3.3.5,AU,FIVE_POINT,5,No,0,5,,Requirement is assessed NOT MET.,32 CFR 170.24(c)(2),Current eCFR
AU.L2-3.3.6,AU,ONE_POINT,1,No,0,1,,Requirement is assessed NOT MET.,32 CFR 170.24(c)(2),Current eCFR
AU.L2-3.3.7,AU,ONE_POINT,1,No,0,1,,Requirement is assessed NOT MET.,32 CFR 170.24(c)(2),Current eCFR
AU.L2-3.3.8,AU,ONE_POINT,1,No,0,1,,Requirement is assessed NOT MET.,32 CFR 170.24(c)(2),Current eCFR
AU.L2-3.3.9,AU,ONE_POINT,1,No,0,1,,Requirement is assessed NOT MET.,32 CFR 170.24(c)(2),Current eCFR
CM.L2-3.4.1,CM,FIVE_POINT,5,No,0,5,,Requirement is assessed NOT MET.,32 CFR 170.24(c)(2),Current eCFR
CM.L2-3.4.2,CM,FIVE_POINT,5,No,0,5,,Requirement is assessed NOT MET.,32 CFR 170.24(c)(2),Current eCFR
CM.L2-3.4.3,CM,ONE_POINT,1,No,0,1,,Requirement is assessed NOT MET.,32 CFR 170.24(c)(2),Current eCFR
CM.L2-3.4.4,CM,ONE_POINT,1,No,0,1,,Requirement is assessed NOT MET.,32 CFR 170.24(c)(2),Current eCFR
CM.L2-3.4.5,CM,FIVE_POINT,5,No,0,5,,Requirement is assessed NOT MET.,32 CFR 170.24(c)(2),Current eCFR
CM.L2-3.4.6,CM,FIVE_POINT,5,No,0,5,,Requirement is assessed NOT MET.,32 CFR 170.24(c)(2),Current eCFR
CM.L2-3.4.7,CM,FIVE_POINT,5,No,0,5,,Requirement is assessed NOT MET.,32 CFR 170.24(c)(2),Current eCFR
CM.L2-3.4.8,CM,FIVE_POINT,5,No,0,5,,Requirement is assessed NOT MET.,32 CFR 170.24(c)(2),Current eCFR
CM.L2-3.4.9,CM,ONE_POINT,1,No,0,1,,Requirement is assessed NOT MET.,32 CFR 170.24(c)(2),Current eCFR
IA.L2-3.5.1,IA,FIVE_POINT,5,No,0,5,,Requirement is assessed NOT MET.,32 CFR 170.24(c)(2),Current eCFR
IA.L2-3.5.2,IA,FIVE_POINT,5,No,0,5,,Requirement is assessed NOT MET.,32 CFR 170.24(c)(2),Current eCFR
IA.L2-3.5.3,IA,PARTIAL_3_OR_5,5,Yes,3,5,MFA is implemented only for remote and privileged users.,MFA is not implemented for any users.,32 CFR 170.24(c)(2),Current eCFR
IA.L2-3.5.4,IA,ONE_POINT,1,No,0,1,,Requirement is assessed NOT MET.,32 CFR 170.24(c)(2),Current eCFR
IA.L2-3.5.5,IA,ONE_POINT,1,No,0,1,,Requirement is assessed NOT MET.,32 CFR 170.24(c)(2),Current eCFR
IA.L2-3.5.6,IA,ONE_POINT,1,No,0,1,,Requirement is assessed NOT MET.,32 CFR 170.24(c)(2),Current eCFR
IA.L2-3.5.7,IA,ONE_POINT,1,No,0,1,,Requirement is assessed NOT MET.,32 CFR 170.24(c)(2),Current eCFR
IA.L2-3.5.8,IA,ONE_POINT,1,No,0,1,,Requirement is assessed NOT MET.,32 CFR 170.24(c)(2),Current eCFR
IA.L2-3.5.9,IA,ONE_POINT,1,No,0,1,,Requirement is assessed NOT MET.,32 CFR 170.24(c)(2),Current eCFR
IA.L2-3.5.10,IA,FIVE_POINT,5,No,0,5,,Requirement is assessed NOT MET.,32 CFR 170.24(c)(2),Current eCFR
IA.L2-3.5.11,IA,ONE_POINT,1,No,0,1,,Requirement is assessed NOT MET.,32 CFR 170.24(c)(2),Current eCFR
IR.L2-3.6.1,IR,FIVE_POINT,5,No,0,5,,Requirement is assessed NOT MET.,32 CFR 170.24(c)(2),Current eCFR
IR.L2-3.6.2,IR,FIVE_POINT,5,No,0,5,,Requirement is assessed NOT MET.,32 CFR 170.24(c)(2),Current eCFR
IR.L2-3.6.3,IR,ONE_POINT,1,No,0,1,,Requirement is assessed NOT MET.,32 CFR 170.24(c)(2),Current eCFR
MA.L2-3.7.1,MA,THREE_POINT,3,No,0,3,,Requirement is assessed NOT MET.,32 CFR 170.24(c)(2),Current eCFR
MA.L2-3.7.2,MA,FIVE_POINT,5,No,0,5,,Requirement is assessed NOT MET.,32 CFR 170.24(c)(2),Current eCFR
MA.L2-3.7.3,MA,ONE_POINT,1,No,0,1,,Requirement is assessed NOT MET.,32 CFR 170.24(c)(2),Current eCFR
MA.L2-3.7.4,MA,THREE_POINT,3,No,0,3,,Requirement is assessed NOT MET.,32 CFR 170.24(c)(2),Current eCFR
MA.L2-3.7.5,MA,FIVE_POINT,5,No,0,5,,Requirement is assessed NOT MET.,32 CFR 170.24(c)(2),Current eCFR
MA.L2-3.7.6,MA,ONE_POINT,1,No,0,1,,Requirement is assessed NOT MET.,32 CFR 170.24(c)(2),Current eCFR
MP.L2-3.8.1,MP,THREE_POINT,3,No,0,3,,Requirement is assessed NOT MET.,32 CFR 170.24(c)(2),Current eCFR
MP.L2-3.8.2,MP,THREE_POINT,3,No,0,3,,Requirement is assessed NOT MET.,32 CFR 170.24(c)(2),Current eCFR
MP.L2-3.8.3,MP,FIVE_POINT,5,No,0,5,,Requirement is assessed NOT MET.,32 CFR 170.24(c)(2),Current eCFR
MP.L2-3.8.4,MP,ONE_POINT,1,No,0,1,,Requirement is assessed NOT MET.,32 CFR 170.24(c)(2),Current eCFR
MP.L2-3.8.5,MP,ONE_POINT,1,No,0,1,,Requirement is assessed NOT MET.,32 CFR 170.24(c)(2),Current eCFR
MP.L2-3.8.6,MP,ONE_POINT,1,No,0,1,,Requirement is assessed NOT MET.,32 CFR 170.24(c)(2),Current eCFR
MP.L2-3.8.7,MP,FIVE_POINT,5,No,0,5,,Requirement is assessed NOT MET.,32 CFR 170.24(c)(2),Current eCFR
MP.L2-3.8.8,MP,THREE_POINT,3,No,0,3,,Requirement is assessed NOT MET.,32 CFR 170.24(c)(2),Current eCFR
MP.L2-3.8.9,MP,ONE_POINT,1,No,0,1,,Requirement is assessed NOT MET.,32 CFR 170.24(c)(2),Current eCFR
PS.L2-3.9.1,PS,THREE_POINT,3,No,0,3,,Requirement is assessed NOT MET.,32 CFR 170.24(c)(2),Current eCFR
PS.L2-3.9.2,PS,FIVE_POINT,5,No,0,5,,Requirement is assessed NOT MET.,32 CFR 170.24(c)(2),Current eCFR
PE.L2-3.10.1,PE,FIVE_POINT,5,No,0,5,,Requirement is assessed NOT MET.,32 CFR 170.24(c)(2),Current eCFR
PE.L2-3.10.2,PE,FIVE_POINT,5,No,0,5,,Requirement is assessed NOT MET.,32 CFR 170.24(c)(2),Current eCFR
PE.L2-3.10.3,PE,ONE_POINT,1,No,0,1,,Requirement is assessed NOT MET.,32 CFR 170.24(c)(2),Current eCFR
PE.L2-3.10.4,PE,ONE_POINT,1,No,0,1,,Requirement is assessed NOT MET.,32 CFR 170.24(c)(2),Current eCFR
PE.L2-3.10.5,PE,ONE_POINT,1,No,0,1,,Requirement is assessed NOT MET.,32 CFR 170.24(c)(2),Current eCFR
PE.L2-3.10.6,PE,ONE_POINT,1,No,0,1,,Requirement is assessed NOT MET.,32 CFR 170.24(c)(2),Current eCFR
RA.L2-3.11.1,RA,THREE_POINT,3,No,0,3,,Requirement is assessed NOT MET.,32 CFR 170.24(c)(2),Current eCFR
RA.L2-3.11.2,RA,FIVE_POINT,5,No,0,5,,Requirement is assessed NOT MET.,32 CFR 170.24(c)(2),Current eCFR
RA.L2-3.11.3,RA,ONE_POINT,1,No,0,1,,Requirement is assessed NOT MET.,32 CFR 170.24(c)(2),Current eCFR
CA.L2-3.12.1,CA,FIVE_POINT,5,No,0,5,,Requirement is assessed NOT MET.,32 CFR 170.24(c)(2),Current eCFR
CA.L2-3.12.2,CA,THREE_POINT,3,No,0,3,,Requirement is assessed NOT MET.,32 CFR 170.24(c)(2),Current eCFR
CA.L2-3.12.3,CA,FIVE_POINT,5,No,0,5,,Requirement is assessed NOT MET.,32 CFR 170.24(c)(2),Current eCFR
CA.L2-3.12.4,CA,ONE_POINT,1,No,0,1,,Requirement is assessed NOT MET.,32 CFR 170.24(c)(2),Current eCFR
SC.L2-3.13.1,SC,FIVE_POINT,5,No,0,5,,Requirement is assessed NOT MET.,32 CFR 170.24(c)(2),Current eCFR
SC.L2-3.13.2,SC,FIVE_POINT,5,No,0,5,,Requirement is assessed NOT MET.,32 CFR 170.24(c)(2),Current eCFR
SC.L2-3.13.3,SC,ONE_POINT,1,No,0,1,,Requirement is assessed NOT MET.,32 CFR 170.24(c)(2),Current eCFR
SC.L2-3.13.4,SC,ONE_POINT,1,No,0,1,,Requirement is assessed NOT MET.,32 CFR 170.24(c)(2),Current eCFR
SC.L2-3.13.5,SC,FIVE_POINT,5,No,0,5,,Requirement is assessed NOT MET.,32 CFR 170.24(c)(2),Current eCFR
SC.L2-3.13.6,SC,FIVE_POINT,5,No,0,5,,Requirement is assessed NOT MET.,32 CFR 170.24(c)(2),Current eCFR
SC.L2-3.13.7,SC,ONE_POINT,1,No,0,1,,Requirement is assessed NOT MET.,32 CFR 170.24(c)(2),Current eCFR
SC.L2-3.13.8,SC,THREE_POINT,3,No,0,3,,Requirement is assessed NOT MET.,32 CFR 170.24(c)(2),Current eCFR
SC.L2-3.13.9,SC,ONE_POINT,1,No,0,1,,Requirement is assessed NOT MET.,32 CFR 170.24(c)(2),Current eCFR
SC.L2-3.13.10,SC,ONE_POINT,1,No,0,1,,Requirement is assessed NOT MET.,32 CFR 170.24(c)(2),Current eCFR
SC.L2-3.13.11,SC,PARTIAL_3_OR_5,5,Yes,3,5,"Encryption is employed, but it is not FIPS-validated.",Encryption is not employed.,32 CFR 170.24(c)(2),Current eCFR
SC.L2-3.13.12,SC,ONE_POINT,1,No,0,1,,Requirement is assessed NOT MET.,32 CFR 170.24(c)(2),Current eCFR
SC.L2-3.13.13,SC,ONE_POINT,1,No,0,1,,Requirement is assessed NOT MET.,32 CFR 170.24(c)(2),Current eCFR
SC.L2-3.13.14,SC,ONE_POINT,1,No,0,1,,Requirement is assessed NOT MET.,32 CFR 170.24(c)(2),Current eCFR
SC.L2-3.13.15,SC,FIVE_POINT,5,No,0,5,,Requirement is assessed NOT MET.,32 CFR 170.24(c)(2),Current eCFR
SC.L2-3.13.16,SC,ONE_POINT,1,No,0,1,,Requirement is assessed NOT MET.,32 CFR 170.24(c)(2),Current eCFR
SI.L2-3.14.1,SI,FIVE_POINT,5,No,0,5,,Requirement is assessed NOT MET.,32 CFR 170.24(c)(2),Current eCFR
SI.L2-3.14.2,SI,FIVE_POINT,5,No,0,5,,Requirement is assessed NOT MET.,32 CFR 170.24(c)(2),Current eCFR
SI.L2-3.14.3,SI,FIVE_POINT,5,No,0,5,,Requirement is assessed NOT MET.,32 CFR 170.24(c)(2),Current eCFR
SI.L2-3.14.4,SI,FIVE_POINT,5,No,0,5,,Requirement is assessed NOT MET.,32 CFR 170.24(c)(2),Current eCFR
SI.L2-3.14.5,SI,THREE_POINT,3,No,0,3,,Requirement is assessed NOT MET.,32 CFR 170.24(c)(2),Current eCFR
SI.L2-3.14.6,SI,FIVE_POINT,5,No,0,5,,Requirement is assessed NOT MET.,32 CFR 170.24(c)(2),Current eCFR
SI.L2-3.14.7,SI,THREE_POINT,3,No,0,3,,Requirement is assessed NOT MET.,32 CFR 170.24(c)(2),Current eCFR
